instance_id,algorithm,target_residual,runs,successes,success_rate,ert_function_evaluations,median_nfe_to_target_successes,dimension,dimension_group,best_ert_problem,performance_ratio
BQPGABIM,BIPOP-CMA-ES,0.001,30,0,0.0,inf,,46,medium_21_100,1299.0,inf
BQPGABIM,BasinGraph,0.001,30,30,1.0,1299.0,1299.0,46,medium_21_100,1299.0,1.0
BQPGABIM,CMA-ES,0.001,30,0,0.0,inf,,46,medium_21_100,1299.0,inf
BQPGABIM,Differential Evolution,0.001,30,0,0.0,inf,,46,medium_21_100,1299.0,inf
BQPGABIM,Latin Hypercube Sampling,0.001,30,0,0.0,inf,,46,medium_21_100,1299.0,inf
BQPGABIM,Multi-start L-BFGS-B,0.001,30,0,0.0,inf,,46,medium_21_100,1299.0,inf
BQPGABIM,Random Search,0.001,30,0,0.0,inf,,46,medium_21_100,1299.0,inf
BQPGASIM,BIPOP-CMA-ES,0.001,30,0,0.0,inf,,50,medium_21_100,1472.0,inf
BQPGASIM,BasinGraph,0.001,30,30,1.0,1472.0,1472.0,50,medium_21_100,1472.0,1.0
BQPGASIM,CMA-ES,0.001,30,0,0.0,inf,,50,medium_21_100,1472.0,inf
BQPGASIM,Differential Evolution,0.001,30,0,0.0,inf,,50,medium_21_100,1472.0,inf
BQPGASIM,Latin Hypercube Sampling,0.001,30,0,0.0,inf,,50,medium_21_100,1472.0,inf
BQPGASIM,Multi-start L-BFGS-B,0.001,30,0,0.0,inf,,50,medium_21_100,1472.0,inf
BQPGASIM,Random Search,0.001,30,0,0.0,inf,,50,medium_21_100,1472.0,inf
BRANIN,BIPOP-CMA-ES,0.001,30,30,1.0,85.1,80.5,2,small_2_20,19.0,4.478947368421053
BRANIN,BasinGraph,0.001,30,30,1.0,50.36666666666667,54.0,2,small_2_20,19.0,2.650877192982456
BRANIN,CMA-ES,0.001,30,30,1.0,75.36666666666666,69.5,2,small_2_20,19.0,3.9666666666666663
BRANIN,Differential Evolution,0.001,30,30,1.0,194.03333333333333,201.5,2,small_2_20,19.0,10.212280701754386
BRANIN,Latin Hypercube Sampling,0.001,30,24,0.8,665.875,325.0,2,small_2_20,19.0,35.046052631578945
BRANIN,Multi-start L-BFGS-B,0.001,30,30,1.0,19.0,19.0,2,small_2_20,19.0,1.0
BRANIN,Random Search,0.001,30,25,0.8333333333333334,558.48,287.0,2,small_2_20,19.0,29.393684210526317
CAMEL6,BIPOP-CMA-ES,0.001,30,30,1.0,115.4,91.5,2,small_2_20,36.9,3.1273712737127375
CAMEL6,BasinGraph,0.001,30,30,1.0,115.86666666666666,62.0,2,small_2_20,36.9,3.140018066847335
CAMEL6,CMA-ES,0.001,30,30,1.0,85.03333333333333,80.0,2,small_2_20,36.9,2.3044263775971094
CAMEL6,Differential Evolution,0.001,30,30,1.0,202.0,202.5,2,small_2_20,36.9,5.4742547425474255
CAMEL6,Latin Hypercube Sampling,0.001,30,10,0.3333333333333333,2727.0,766.5,2,small_2_20,36.9,73.90243902439025
CAMEL6,Multi-start L-BFGS-B,0.001,30,30,1.0,36.9,31.0,2,small_2_20,36.9,1.0
CAMEL6,Random Search,0.001,30,10,0.3333333333333333,2407.3,365.0,2,small_2_20,36.9,65.23848238482385
CHEBYQAD[N=50],BIPOP-CMA-ES,0.001,30,0,0.0,inf,,50,medium_21_100,73908.0,inf
CHEBYQAD[N=50],BasinGraph,0.001,30,1,0.03333333333333333,73908.0,1408.0,50,medium_21_100,73908.0,1.0
CHEBYQAD[N=50],CMA-ES,0.001,30,0,0.0,inf,,50,medium_21_100,73908.0,inf
CHEBYQAD[N=50],Differential Evolution,0.001,30,0,0.0,inf,,50,medium_21_100,73908.0,inf
CHEBYQAD[N=50],Latin Hypercube Sampling,0.001,30,0,0.0,inf,,50,medium_21_100,73908.0,inf
CHEBYQAD[N=50],Multi-start L-BFGS-B,0.001,30,0,0.0,inf,,50,medium_21_100,73908.0,inf
CHEBYQAD[N=50],Random Search,0.001,30,0,0.0,inf,,50,medium_21_100,73908.0,inf
CVXBQP1[N=50],BIPOP-CMA-ES,0.001,30,0,0.0,inf,,50,medium_21_100,2.0,inf
CVXBQP1[N=50],BasinGraph,0.001,30,30,1.0,2.0,2.0,50,medium_21_100,2.0,1.0
CVXBQP1[N=50],CMA-ES,0.001,30,0,0.0,inf,,50,medium_21_100,2.0,inf
CVXBQP1[N=50],Differential Evolution,0.001,30,0,0.0,inf,,50,medium_21_100,2.0,inf
CVXBQP1[N=50],Latin Hypercube Sampling,0.001,30,0,0.0,inf,,50,medium_21_100,2.0,inf
CVXBQP1[N=50],Multi-start L-BFGS-B,0.001,30,30,1.0,52.0,52.0,50,medium_21_100,2.0,26.0
CVXBQP1[N=50],Random Search,0.001,30,0,0.0,inf,,50,medium_21_100,2.0,inf
DEVGLA1B,BIPOP-CMA-ES,0.001,30,3,0.1,9830.666666666666,781.0,4,small_2_20,9830.666666666666,1.0
DEVGLA1B,BasinGraph,0.001,30,0,0.0,inf,,4,small_2_20,9830.666666666666,inf
DEVGLA1B,CMA-ES,0.001,30,3,0.1,9894.666666666666,973.0,4,small_2_20,9830.666666666666,1.0065102400651025
DEVGLA1B,Differential Evolution,0.001,30,0,0.0,inf,,4,small_2_20,9830.666666666666,inf
DEVGLA1B,Latin Hypercube Sampling,0.001,30,0,0.0,inf,,4,small_2_20,9830.666666666666,inf
DEVGLA1B,Multi-start L-BFGS-B,0.001,30,0,0.0,inf,,4,small_2_20,9830.666666666666,inf
DEVGLA1B,Random Search,0.001,30,0,0.0,inf,,4,small_2_20,9830.666666666666,inf
DGOSPEC,BIPOP-CMA-ES,0.001,30,20,0.6666666666666666,802.3,229.0,3,small_2_20,21.0,38.2047619047619
DGOSPEC,BasinGraph,0.001,30,30,1.0,58.0,59.0,3,small_2_20,21.0,2.761904761904762
DGOSPEC,CMA-ES,0.001,30,15,0.5,1206.9333333333334,184.0,3,small_2_20,21.0,57.473015873015875
DGOSPEC,Differential Evolution,0.001,30,29,0.9666666666666667,286.17241379310343,276.0,3,small_2_20,21.0,13.627257799671591
DGOSPEC,Latin Hypercube Sampling,0.001,30,23,0.7666666666666667,735.0,370.0,3,small_2_20,21.0,35.0
DGOSPEC,Multi-start L-BFGS-B,0.001,30,30,1.0,21.0,21.0,3,small_2_20,21.0,1.0
DGOSPEC,Random Search,0.001,30,23,0.7666666666666667,674.5217391304348,263.0,3,small_2_20,21.0,32.12008281573499
DIAGIQB[N=500],BIPOP-CMA-ES,0.001,30,0,0.0,inf,,500,large_101_500,9558.0,inf
DIAGIQB[N=500],BasinGraph,0.001,30,30,1.0,9558.0,9558.0,500,large_101_500,9558.0,1.0
DIAGIQB[N=500],CMA-ES,0.001,30,0,0.0,inf,,500,large_101_500,9558.0,inf
DIAGIQB[N=500],Differential Evolution,0.001,30,0,0.0,inf,,500,large_101_500,9558.0,inf
DIAGIQB[N=500],Latin Hypercube Sampling,0.001,30,0,0.0,inf,,500,large_101_500,9558.0,inf
DIAGIQB[N=500],Multi-start L-BFGS-B,0.001,30,0,0.0,inf,,500,large_101_500,9558.0,inf
DIAGIQB[N=500],Random Search,0.001,30,0,0.0,inf,,500,large_101_500,9558.0,inf
DIAGIQE[N=50],BIPOP-CMA-ES,0.001,30,0,0.0,inf,,50,medium_21_100,999.8,inf
DIAGIQE[N=50],BasinGraph,0.001,30,30,1.0,999.8,999.0,50,medium_21_100,999.8,1.0
DIAGIQE[N=50],CMA-ES,0.001,30,0,0.0,inf,,50,medium_21_100,999.8,inf
DIAGIQE[N=50],Differential Evolution,0.001,30,0,0.0,inf,,50,medium_21_100,999.8,inf
DIAGIQE[N=50],Latin Hypercube Sampling,0.001,30,0,0.0,inf,,50,medium_21_100,999.8,inf
DIAGIQE[N=50],Multi-start L-BFGS-B,0.001,30,0,0.0,inf,,50,medium_21_100,999.8,inf
DIAGIQE[N=50],Random Search,0.001,30,0,0.0,inf,,50,medium_21_100,999.8,inf
DIAGIQT[N=50],BIPOP-CMA-ES,0.001,30,0,0.0,inf,,50,medium_21_100,924.0,inf
DIAGIQT[N=50],BasinGraph,0.001,30,30,1.0,924.0,924.0,50,medium_21_100,924.0,1.0
DIAGIQT[N=50],CMA-ES,0.001,30,0,0.0,inf,,50,medium_21_100,924.0,inf
DIAGIQT[N=50],Differential Evolution,0.001,30,0,0.0,inf,,50,medium_21_100,924.0,inf
DIAGIQT[N=50],Latin Hypercube Sampling,0.001,30,0,0.0,inf,,50,medium_21_100,924.0,inf
DIAGIQT[N=50],Multi-start L-BFGS-B,0.001,30,0,0.0,inf,,50,medium_21_100,924.0,inf
DIAGIQT[N=50],Random Search,0.001,30,0,0.0,inf,,50,medium_21_100,924.0,inf
DIAGNQB[N=500],BIPOP-CMA-ES,0.001,30,0,0.0,inf,,500,large_101_500,3.0,inf
DIAGNQB[N=500],BasinGraph,0.001,30,30,1.0,3.0,3.0,500,large_101_500,3.0,1.0
DIAGNQB[N=500],CMA-ES,0.001,30,0,0.0,inf,,500,large_101_500,3.0,inf
DIAGNQB[N=500],Differential Evolution,0.001,30,0,0.0,inf,,500,large_101_500,3.0,inf
DIAGNQB[N=500],Latin Hypercube Sampling,0.001,30,0,0.0,inf,,500,large_101_500,3.0,inf
DIAGNQB[N=500],Multi-start L-BFGS-B,0.001,30,0,0.0,inf,,500,large_101_500,3.0,inf
DIAGNQB[N=500],Random Search,0.001,30,0,0.0,inf,,500,large_101_500,3.0,inf
DIAGNQE[N=500],BIPOP-CMA-ES,0.001,30,0,0.0,inf,,500,large_101_500,3.0,inf
DIAGNQE[N=500],BasinGraph,0.001,30,30,1.0,3.0,3.0,500,large_101_500,3.0,1.0
DIAGNQE[N=500],CMA-ES,0.001,30,0,0.0,inf,,500,large_101_500,3.0,inf
DIAGNQE[N=500],Differential Evolution,0.001,30,0,0.0,inf,,500,large_101_500,3.0,inf
DIAGNQE[N=500],Latin Hypercube Sampling,0.001,30,0,0.0,inf,,500,large_101_500,3.0,inf
DIAGNQE[N=500],Multi-start L-BFGS-B,0.001,30,0,0.0,inf,,500,large_101_500,3.0,inf
DIAGNQE[N=500],Random Search,0.001,30,0,0.0,inf,,500,large_101_500,3.0,inf
DIAGNQT[N=500],BIPOP-CMA-ES,0.001,30,0,0.0,inf,,500,large_101_500,3.0,inf
DIAGNQT[N=500],BasinGraph,0.001,30,30,1.0,3.0,3.0,500,large_101_500,3.0,1.0
DIAGNQT[N=500],CMA-ES,0.001,30,0,0.0,inf,,500,large_101_500,3.0,inf
DIAGNQT[N=500],Differential Evolution,0.001,30,0,0.0,inf,,500,large_101_500,3.0,inf
DIAGNQT[N=500],Latin Hypercube Sampling,0.001,30,0,0.0,inf,,500,large_101_500,3.0,inf
DIAGNQT[N=500],Multi-start L-BFGS-B,0.001,30,0,0.0,inf,,500,large_101_500,3.0,inf
DIAGNQT[N=500],Random Search,0.001,30,0,0.0,inf,,500,large_101_500,3.0,inf
DIAGNQT[N=50],BIPOP-CMA-ES,0.001,30,0,0.0,inf,,50,medium_21_100,3.0,inf
DIAGNQT[N=50],BasinGraph,0.001,30,30,1.0,3.0,3.0,50,medium_21_100,3.0,1.0
DIAGNQT[N=50],CMA-ES,0.001,30,0,0.0,inf,,50,medium_21_100,3.0,inf
DIAGNQT[N=50],Differential Evolution,0.001,30,0,0.0,inf,,50,medium_21_100,3.0,inf
DIAGNQT[N=50],Latin Hypercube Sampling,0.001,30,0,0.0,inf,,50,medium_21_100,3.0,inf
DIAGNQT[N=50],Multi-start L-BFGS-B,0.001,30,0,0.0,inf,,50,medium_21_100,3.0,inf
DIAGNQT[N=50],Random Search,0.001,30,0,0.0,inf,,50,medium_21_100,3.0,inf
DIAGPQB[N=500],BIPOP-CMA-ES,0.001,30,0,0.0,inf,,500,large_101_500,9372.0,inf
DIAGPQB[N=500],BasinGraph,0.001,30,30,1.0,9372.0,9372.0,500,large_101_500,9372.0,1.0
DIAGPQB[N=500],CMA-ES,0.001,30,0,0.0,inf,,500,large_101_500,9372.0,inf
DIAGPQB[N=500],Differential Evolution,0.001,30,0,0.0,inf,,500,large_101_500,9372.0,inf
DIAGPQB[N=500],Latin Hypercube Sampling,0.001,30,0,0.0,inf,,500,large_101_500,9372.0,inf
DIAGPQB[N=500],Multi-start L-BFGS-B,0.001,30,0,0.0,inf,,500,large_101_500,9372.0,inf
DIAGPQB[N=500],Random Search,0.001,30,0,0.0,inf,,500,large_101_500,9372.0,inf
DIAGPQE[N=10],BIPOP-CMA-ES,0.001,30,0,0.0,inf,,10,small_2_20,247.0,inf
DIAGPQE[N=10],BasinGraph,0.001,30,30,1.0,247.0,247.0,10,small_2_20,247.0,1.0
DIAGPQE[N=10],CMA-ES,0.001,30,0,0.0,inf,,10,small_2_20,247.0,inf
DIAGPQE[N=10],Differential Evolution,0.001,30,0,0.0,inf,,10,small_2_20,247.0,inf
DIAGPQE[N=10],Latin Hypercube Sampling,0.001,30,0,0.0,inf,,10,small_2_20,247.0,inf
DIAGPQE[N=10],Multi-start L-BFGS-B,0.001,30,0,0.0,inf,,10,small_2_20,247.0,inf
DIAGPQE[N=10],Random Search,0.001,30,0,0.0,inf,,10,small_2_20,247.0,inf
DIAGPQE[N=50],BIPOP-CMA-ES,0.001,30,0,0.0,inf,,50,medium_21_100,866.0,inf
DIAGPQE[N=50],BasinGraph,0.001,30,30,1.0,866.0,866.0,50,medium_21_100,866.0,1.0
DIAGPQE[N=50],CMA-ES,0.001,30,0,0.0,inf,,50,medium_21_100,866.0,inf
DIAGPQE[N=50],Differential Evolution,0.001,30,0,0.0,inf,,50,medium_21_100,866.0,inf
DIAGPQE[N=50],Latin Hypercube Sampling,0.001,30,0,0.0,inf,,50,medium_21_100,866.0,inf
DIAGPQE[N=50],Multi-start L-BFGS-B,0.001,30,0,0.0,inf,,50,medium_21_100,866.0,inf
DIAGPQE[N=50],Random Search,0.001,30,0,0.0,inf,,50,medium_21_100,866.0,inf
DIAGPQT[N=500],BIPOP-CMA-ES,0.001,30,0,0.0,inf,,500,large_101_500,9257.0,inf
DIAGPQT[N=500],BasinGraph,0.001,30,30,1.0,9257.0,9257.0,500,large_101_500,9257.0,1.0
DIAGPQT[N=500],CMA-ES,0.001,30,0,0.0,inf,,500,large_101_500,9257.0,inf
DIAGPQT[N=500],Differential Evolution,0.001,30,0,0.0,inf,,500,large_101_500,9257.0,inf
DIAGPQT[N=500],Latin Hypercube Sampling,0.001,30,0,0.0,inf,,500,large_101_500,9257.0,inf
DIAGPQT[N=500],Multi-start L-BFGS-B,0.001,30,0,0.0,inf,,500,large_101_500,9257.0,inf
DIAGPQT[N=500],Random Search,0.001,30,0,0.0,inf,,500,large_101_500,9257.0,inf
EGGCRATEB,BIPOP-CMA-ES,0.001,30,28,0.9333333333333333,315.92857142857144,112.5,2,small_2_20,1.0,315.92857142857144
EGGCRATEB,BasinGraph,0.001,30,30,1.0,1.0,1.0,2,small_2_20,1.0,1.0
EGGCRATEB,CMA-ES,0.001,30,24,0.8,332.375,83.5,2,small_2_20,1.0,332.375
EGGCRATEB,Differential Evolution,0.001,30,30,1.0,274.53333333333336,280.5,2,small_2_20,1.0,274.53333333333336
EGGCRATEB,Latin Hypercube Sampling,0.001,30,1,0.03333333333333333,29286.0,286.0,2,small_2_20,1.0,29286.0
EGGCRATEB,Multi-start L-BFGS-B,0.001,30,30,1.0,1.0,1.0,2,small_2_20,1.0,1.0
EGGCRATEB,Random Search,0.001,30,30,1.0,1.0,1.0,2,small_2_20,1.0,1.0
ELATVIDUB,BIPOP-CMA-ES,0.001,30,24,0.8,738.2083333333334,460.0,2,small_2_20,329.88461538461536,2.237777389141503
ELATVIDUB,BasinGraph,0.001,30,3,0.1,9940.333333333334,926.0,2,small_2_20,329.88461538461536,30.132758151645877
ELATVIDUB,CMA-ES,0.001,30,14,0.4666666666666667,1268.4285714285713,114.5,2,small_2_20,329.88461538461536,3.8450673728742983
ELATVIDUB,Differential Evolution,0.001,30,28,0.9333333333333333,369.10714285714283,266.0,2,small_2_20,329.88461538461536,1.1188977164842853
ELATVIDUB,Latin Hypercube Sampling,0.001,30,1,0.03333333333333333,29221.0,221.0,2,small_2_20,329.88461538461536,88.57945668648712
ELATVIDUB,Multi-start L-BFGS-B,0.001,30,26,0.8666666666666667,329.88461538461536,131.5,2,small_2_20,329.88461538461536,1.0
ELATVIDUB,Random Search,0.001,30,0,0.0,inf,,2,small_2_20,329.88461538461536,inf
EXP2B,BIPOP-CMA-ES,0.001,30,30,1.0,145.36666666666667,109.0,2,small_2_20,46.0,3.160144927536232
EXP2B,BasinGraph,0.001,30,30,1.0,81.0,81.0,2,small_2_20,46.0,1.7608695652173914
EXP2B,CMA-ES,0.001,30,30,1.0,124.6,124.5,2,small_2_20,46.0,2.7086956521739127
EXP2B,Differential Evolution,0.001,30,30,1.0,221.16666666666666,216.0,2,small_2_20,46.0,4.807971014492753
EXP2B,Latin Hypercube Sampling,0.001,30,4,0.13333333333333333,6821.75,258.5,2,small_2_20,46.0,148.29891304347825
EXP2B,Multi-start L-BFGS-B,0.001,30,30,1.0,46.0,46.0,2,small_2_20,46.0,1.0
EXP2B,Random Search,0.001,30,1,0.03333333333333333,29638.0,638.0,2,small_2_20,46.0,644.304347826087
EXPLIN2[N=12],BIPOP-CMA-ES,0.001,30,0,0.0,inf,,101,large_101_500,307.0,inf
EXPLIN2[N=12],BasinGraph,0.001,30,30,1.0,1692.7,1897.0,101,large_101_500,307.0,5.513680781758958
EXPLIN2[N=12],CMA-ES,0.001,30,0,0.0,inf,,101,large_101_500,307.0,inf
EXPLIN2[N=12],Differential Evolution,0.001,30,0,0.0,inf,,101,large_101_500,307.0,inf
EXPLIN2[N=12],Latin Hypercube Sampling,0.001,30,0,0.0,inf,,101,large_101_500,307.0,inf
EXPLIN2[N=12],Multi-start L-BFGS-B,0.001,30,30,1.0,307.0,307.0,101,large_101_500,307.0,1.0
EXPLIN2[N=12],Random Search,0.001,30,0,0.0,inf,,101,large_101_500,307.0,inf
EXPLIN[N=12],BIPOP-CMA-ES,0.001,30,0,0.0,inf,,101,large_101_500,317.0,inf
EXPLIN[N=12],BasinGraph,0.001,30,30,1.0,317.0,317.0,101,large_101_500,317.0,1.0
EXPLIN[N=12],CMA-ES,0.001,30,0,0.0,inf,,101,large_101_500,317.0,inf
EXPLIN[N=12],Differential Evolution,0.001,30,0,0.0,inf,,101,large_101_500,317.0,inf
EXPLIN[N=12],Latin Hypercube Sampling,0.001,30,0,0.0,inf,,101,large_101_500,317.0,inf
EXPLIN[N=12],Multi-start L-BFGS-B,0.001,30,0,0.0,inf,,101,large_101_500,317.0,inf
EXPLIN[N=12],Random Search,0.001,30,0,0.0,inf,,101,large_101_500,317.0,inf
FBRAIN2LS,BIPOP-CMA-ES,0.001,30,0,0.0,inf,,4,small_2_20,29991.0,inf
FBRAIN2LS,BasinGraph,0.001,30,0,0.0,inf,,4,small_2_20,29991.0,inf
FBRAIN2LS,CMA-ES,0.001,30,0,0.0,inf,,4,small_2_20,29991.0,inf
FBRAIN2LS,Differential Evolution,0.001,30,0,0.0,inf,,4,small_2_20,29991.0,inf
FBRAIN2LS,Latin Hypercube Sampling,0.001,30,0,0.0,inf,,4,small_2_20,29991.0,inf
FBRAIN2LS,Multi-start L-BFGS-B,0.001,30,1,0.03333333333333333,29991.0,991.0,4,small_2_20,29991.0,1.0
FBRAIN2LS,Random Search,0.001,30,0,0.0,inf,,4,small_2_20,29991.0,inf
FBRAINLS,BIPOP-CMA-ES,0.001,30,19,0.6333333333333333,1003.8947368421053,341.0,2,small_2_20,441.875,2.2718975656964195
FBRAINLS,BasinGraph,0.001,30,25,0.8333333333333334,516.2,271.0,2,small_2_20,441.875,1.1682036775106084
FBRAINLS,CMA-ES,0.001,30,14,0.4666666666666667,1492.642857142857,331.0,2,small_2_20,441.875,3.3779753485552635
FBRAINLS,Differential Evolution,0.001,30,13,0.43333333333333335,1960.8461538461538,683.0,2,small_2_20,441.875,4.437558481122838
FBRAINLS,Latin Hypercube Sampling,0.001,30,0,0.0,inf,,2,small_2_20,441.875,inf
FBRAINLS,Multi-start L-BFGS-B,0.001,30,24,0.8,441.875,154.0,2,small_2_20,441.875,1.0
FBRAINLS,Random Search,0.001,30,0,0.0,inf,,2,small_2_20,441.875,inf
HADAMALS[N=10],BIPOP-CMA-ES,0.001,30,1,0.03333333333333333,134408.0,3908.0,90,medium_21_100,134408.0,1.0
HADAMALS[N=10],BasinGraph,0.001,30,0,0.0,inf,,90,medium_21_100,134408.0,inf
HADAMALS[N=10],CMA-ES,0.001,30,1,0.03333333333333333,134980.0,4480.0,90,medium_21_100,134408.0,1.0042556990655318
HADAMALS[N=10],Differential Evolution,0.001,30,0,0.0,inf,,90,medium_21_100,134408.0,inf
HADAMALS[N=10],Latin Hypercube Sampling,0.001,30,0,0.0,inf,,90,medium_21_100,134408.0,inf
HADAMALS[N=10],Multi-start L-BFGS-B,0.001,30,0,0.0,inf,,90,medium_21_100,134408.0,inf
HADAMALS[N=10],Random Search,0.001,30,0,0.0,inf,,90,medium_21_100,134408.0,inf
HART6,BIPOP-CMA-ES,0.001,30,17,0.5666666666666667,1162.9411764705883,394.0,6,small_2_20,71.0,16.379453189726597
HART6,BasinGraph,0.001,30,30,1.0,118.0,118.0,6,small_2_20,71.0,1.6619718309859155
HART6,CMA-ES,0.001,30,18,0.6,1006.5,324.0,6,small_2_20,71.0,14.17605633802817
HART6,Differential Evolution,0.001,30,0,0.0,inf,,6,small_2_20,71.0,inf
HART6,Latin Hypercube Sampling,0.001,30,0,0.0,inf,,6,small_2_20,71.0,inf
HART6,Multi-start L-BFGS-B,0.001,30,30,1.0,71.0,71.0,6,small_2_20,71.0,1.0
HART6,Random Search,0.001,30,0,0.0,inf,,6,small_2_20,71.0,inf
HIMMELP1,BIPOP-CMA-ES,0.001,30,30,1.0,160.23333333333332,84.0,2,small_2_20,13.0,12.325641025641024
HIMMELP1,BasinGraph,0.001,30,30,1.0,47.5,48.0,2,small_2_20,13.0,3.6538461538461537
HIMMELP1,CMA-ES,0.001,30,29,0.9666666666666667,116.72413793103448,79.0,2,small_2_20,13.0,8.978779840848805
HIMMELP1,Differential Evolution,0.001,30,30,1.0,151.93333333333334,148.5,2,small_2_20,13.0,11.687179487179488
HIMMELP1,Latin Hypercube Sampling,0.001,30,17,0.5666666666666667,1275.4117647058824,496.0,2,small_2_20,13.0,98.10859728506787
HIMMELP1,Multi-start L-BFGS-B,0.001,30,30,1.0,13.0,13.0,2,small_2_20,13.0,1.0
HIMMELP1,Random Search,0.001,30,22,0.7333333333333333,908.7727272727273,611.0,2,small_2_20,13.0,69.9055944055944
HS110[N=200],BIPOP-CMA-ES,0.001,30,30,1.0,9490.966666666667,9518.5,200,large_101_500,3.0,3163.6555555555556
HS110[N=200],BasinGraph,0.001,30,30,1.0,3.0,3.0,200,large_101_500,3.0,1.0
HS110[N=200],CMA-ES,0.001,30,30,1.0,9410.6,9414.5,200,large_101_500,3.0,3136.866666666667
HS110[N=200],Differential Evolution,0.001,30,0,0.0,inf,,200,large_101_500,3.0,inf
HS110[N=200],Latin Hypercube Sampling,0.001,30,0,0.0,inf,,200,large_101_500,3.0,inf
HS110[N=200],Multi-start L-BFGS-B,0.001,30,30,1.0,202.0,202.0,200,large_101_500,3.0,67.33333333333333
HS110[N=200],Random Search,0.001,30,0,0.0,inf,,200,large_101_500,3.0,inf
HS25,BIPOP-CMA-ES,0.001,30,30,1.0,157.1,133.5,3,small_2_20,89.0,1.7651685393258427
HS25,BasinGraph,0.001,30,30,1.0,124.0,127.0,3,small_2_20,89.0,1.3932584269662922
HS25,CMA-ES,0.001,30,30,1.0,136.86666666666667,122.0,3,small_2_20,89.0,1.5378277153558053
HS25,Differential Evolution,0.001,30,30,1.0,237.53333333333333,240.0,3,small_2_20,89.0,2.668913857677903
HS25,Latin Hypercube Sampling,0.001,30,2,0.06666666666666667,14805.5,805.5,3,small_2_20,89.0,166.35393258426967
HS25,Multi-start L-BFGS-B,0.001,30,30,1.0,89.0,89.0,3,small_2_20,89.0,1.0
HS25,Random Search,0.001,30,8,0.26666666666666666,3020.625,222.5,3,small_2_20,89.0,33.93960674157304
HS38,BIPOP-CMA-ES,0.001,30,30,1.0,194.4,168.0,4,small_2_20,56.0,3.4714285714285715
HS38,BasinGraph,0.001,30,30,1.0,97.0,97.0,4,small_2_20,56.0,1.7321428571428572
HS38,CMA-ES,0.001,30,30,1.0,159.16666666666666,151.0,4,small_2_20,56.0,2.8422619047619047
HS38,Differential Evolution,0.001,30,30,1.0,623.0333333333333,620.5,4,small_2_20,56.0,11.125595238095238
HS38,Latin Hypercube Sampling,0.001,30,1,0.03333333333333333,29391.0,391.0,4,small_2_20,56.0,524.8392857142857
HS38,Multi-start L-BFGS-B,0.001,30,30,1.0,56.0,56.0,4,small_2_20,56.0,1.0
HS38,Random Search,0.001,30,1,0.03333333333333333,29398.0,398.0,4,small_2_20,56.0,524.9642857142857
HS5,BIPOP-CMA-ES,0.001,30,30,1.0,132.53333333333333,102.5,2,small_2_20,19.0,6.9754385964912275
HS5,BasinGraph,0.001,30,30,1.0,54.0,54.0,2,small_2_20,19.0,2.8421052631578947
HS5,CMA-ES,0.001,30,27,0.9,212.4814814814815,105.0,2,small_2_20,19.0,11.183235867446394
HS5,Differential Evolution,0.001,30,30,1.0,189.9,204.5,2,small_2_20,19.0,9.994736842105263
HS5,Latin Hypercube Sampling,0.001,30,3,0.1,9417.666666666666,391.0,2,small_2_20,19.0,495.66666666666663
HS5,Multi-start L-BFGS-B,0.001,30,30,1.0,19.0,19.0,2,small_2_20,19.0,1.0
HS5,Random Search,0.001,30,5,0.16666666666666666,5479.2,596.0,2,small_2_20,19.0,288.37894736842105
JUDGEB,BIPOP-CMA-ES,0.001,30,30,1.0,173.03333333333333,76.0,2,small_2_20,13.0,13.310256410256411
JUDGEB,BasinGraph,0.001,30,30,1.0,48.0,48.0,2,small_2_20,13.0,3.6923076923076925
JUDGEB,CMA-ES,0.001,30,24,0.8,290.8333333333333,39.0,2,small_2_20,13.0,22.37179487179487
JUDGEB,Differential Evolution,0.001,30,30,1.0,122.06666666666666,128.5,2,small_2_20,13.0,9.38974358974359
JUDGEB,Latin Hypercube Sampling,0.001,30,23,0.7666666666666667,672.5217391304348,368.0,2,small_2_20,13.0,51.7324414715719
JUDGEB,Multi-start L-BFGS-B,0.001,30,30,1.0,13.0,13.0,2,small_2_20,13.0,1.0
JUDGEB,Random Search,0.001,30,26,0.8666666666666667,521.5,276.5,2,small_2_20,13.0,40.11538461538461
NCVXBQP1[N=50],BIPOP-CMA-ES,0.001,30,0,0.0,inf,,50,medium_21_100,52.0,inf
NCVXBQP1[N=50],BasinGraph,0.001,30,30,1.0,247.0,247.0,50,medium_21_100,52.0,4.75
NCVXBQP1[N=50],CMA-ES,0.001,30,0,0.0,inf,,50,medium_21_100,52.0,inf
NCVXBQP1[N=50],Differential Evolution,0.001,30,0,0.0,inf,,50,medium_21_100,52.0,inf
NCVXBQP1[N=50],Latin Hypercube Sampling,0.001,30,0,0.0,inf,,50,medium_21_100,52.0,inf
NCVXBQP1[N=50],Multi-start L-BFGS-B,0.001,30,30,1.0,52.0,52.0,50,medium_21_100,52.0,1.0
NCVXBQP1[N=50],Random Search,0.001,30,0,0.0,inf,,50,medium_21_100,52.0,inf
NCVXBQP2[N=50],BIPOP-CMA-ES,0.001,30,0,0.0,inf,,50,medium_21_100,537.0,inf
NCVXBQP2[N=50],BasinGraph,0.001,30,30,1.0,537.0,537.0,50,medium_21_100,537.0,1.0
NCVXBQP2[N=50],CMA-ES,0.001,30,0,0.0,inf,,50,medium_21_100,537.0,inf
NCVXBQP2[N=50],Differential Evolution,0.001,30,0,0.0,inf,,50,medium_21_100,537.0,inf
NCVXBQP2[N=50],Latin Hypercube Sampling,0.001,30,0,0.0,inf,,50,medium_21_100,537.0,inf
NCVXBQP2[N=50],Multi-start L-BFGS-B,0.001,30,28,0.9333333333333333,829.8214285714286,664.0,50,medium_21_100,537.0,1.545291300877893
NCVXBQP2[N=50],Random Search,0.001,30,0,0.0,inf,,50,medium_21_100,537.0,inf
NCVXBQP3[N=50],BIPOP-CMA-ES,0.001,30,0,0.0,inf,,50,medium_21_100,205.0,inf
NCVXBQP3[N=50],BasinGraph,0.001,30,14,0.4666666666666667,4294.0,1486.0,50,medium_21_100,205.0,20.946341463414633
NCVXBQP3[N=50],CMA-ES,0.001,30,0,0.0,inf,,50,medium_21_100,205.0,inf
NCVXBQP3[N=50],Differential Evolution,0.001,30,0,0.0,inf,,50,medium_21_100,205.0,inf
NCVXBQP3[N=50],Latin Hypercube Sampling,0.001,30,0,0.0,inf,,50,medium_21_100,205.0,inf
NCVXBQP3[N=50],Multi-start L-BFGS-B,0.001,30,30,1.0,205.0,205.0,50,medium_21_100,205.0,1.0
NCVXBQP3[N=50],Random Search,0.001,30,0,0.0,inf,,50,medium_21_100,205.0,inf
NONSCOMP[N=500],BIPOP-CMA-ES,0.001,30,0,0.0,inf,,500,large_101_500,599892.0,inf
NONSCOMP[N=500],BasinGraph,0.001,30,0,0.0,inf,,500,large_101_500,599892.0,inf
NONSCOMP[N=500],CMA-ES,0.001,30,1,0.03333333333333333,599892.0,19892.0,500,large_101_500,599892.0,1.0
NONSCOMP[N=500],Differential Evolution,0.001,30,0,0.0,inf,,500,large_101_500,599892.0,inf
NONSCOMP[N=500],Latin Hypercube Sampling,0.001,30,0,0.0,inf,,500,large_101_500,599892.0,inf
NONSCOMP[N=500],Multi-start L-BFGS-B,0.001,30,0,0.0,inf,,500,large_101_500,599892.0,inf
NONSCOMP[N=500],Random Search,0.001,30,0,0.0,inf,,500,large_101_500,599892.0,inf
POWERSUMB[N=10],BIPOP-CMA-ES,0.001,30,30,1.0,169.3,146.0,10,small_2_20,169.3,1.0
POWERSUMB[N=10],BasinGraph,0.001,30,3,0.1,9267.333333333334,279.0,10,small_2_20,169.3,54.73912187438472
POWERSUMB[N=10],CMA-ES,0.001,30,28,0.9333333333333333,250.03571428571428,125.0,10,small_2_20,169.3,1.476879588220403
POWERSUMB[N=10],Differential Evolution,0.001,30,29,0.9666666666666667,533.551724137931,443.0,10,small_2_20,169.3,3.151516385929894
POWERSUMB[N=10],Latin Hypercube Sampling,0.001,30,9,0.3,2601.777777777778,259.0,10,small_2_20,169.3,15.367854564546827
POWERSUMB[N=10],Multi-start L-BFGS-B,0.001,30,14,0.4666666666666667,1666.357142857143,534.5,10,small_2_20,169.3,9.842629313981941
POWERSUMB[N=10],Random Search,0.001,30,17,0.5666666666666667,1310.7058823529412,555.0,10,small_2_20,169.3,7.741913067648796
PRICE4B,BIPOP-CMA-ES,0.001,30,30,1.0,72.3,71.0,2,small_2_20,1.0,72.3
PRICE4B,BasinGraph,0.001,30,30,1.0,1.0,1.0,2,small_2_20,1.0,1.0
PRICE4B,CMA-ES,0.001,30,30,1.0,61.833333333333336,57.0,2,small_2_20,1.0,61.833333333333336
PRICE4B,Differential Evolution,0.001,30,30,1.0,152.33333333333334,152.5,2,small_2_20,1.0,152.33333333333334
PRICE4B,Latin Hypercube Sampling,0.001,30,8,0.26666666666666666,3058.0,359.0,2,small_2_20,1.0,3058.0
PRICE4B,Multi-start L-BFGS-B,0.001,30,30,1.0,1.0,1.0,2,small_2_20,1.0,1.0
PRICE4B,Random Search,0.001,30,30,1.0,1.0,1.0,2,small_2_20,1.0,1.0
PROBPENL[N=50],BIPOP-CMA-ES,0.001,30,0,0.0,inf,,50,medium_21_100,74989.0,inf
PROBPENL[N=50],BasinGraph,0.001,30,1,0.03333333333333333,74989.0,2489.0,50,medium_21_100,74989.0,1.0
PROBPENL[N=50],CMA-ES,0.001,30,0,0.0,inf,,50,medium_21_100,74989.0,inf
PROBPENL[N=50],Differential Evolution,0.001,30,0,0.0,inf,,50,medium_21_100,74989.0,inf
PROBPENL[N=50],Latin Hypercube Sampling,0.001,30,0,0.0,inf,,50,medium_21_100,74989.0,inf
PROBPENL[N=50],Multi-start L-BFGS-B,0.001,30,0,0.0,inf,,50,medium_21_100,74989.0,inf
PROBPENL[N=50],Random Search,0.001,30,0,0.0,inf,,50,medium_21_100,74989.0,inf
QINGB[N=100],BIPOP-CMA-ES,0.001,30,0,0.0,inf,,100,medium_21_100,1967.0,inf
QINGB[N=100],BasinGraph,0.001,30,30,1.0,1967.0,1967.0,100,medium_21_100,1967.0,1.0
QINGB[N=100],CMA-ES,0.001,30,0,0.0,inf,,100,medium_21_100,1967.0,inf
QINGB[N=100],Differential Evolution,0.001,30,0,0.0,inf,,100,medium_21_100,1967.0,inf
QINGB[N=100],Latin Hypercube Sampling,0.001,30,0,0.0,inf,,100,medium_21_100,1967.0,inf
QINGB[N=100],Multi-start L-BFGS-B,0.001,30,0,0.0,inf,,100,medium_21_100,1967.0,inf
QINGB[N=100],Random Search,0.001,30,0,0.0,inf,,100,medium_21_100,1967.0,inf
S368[N=50],BIPOP-CMA-ES,0.001,30,0,0.0,inf,,50,medium_21_100,37443.0,inf
S368[N=50],BasinGraph,0.001,30,0,0.0,inf,,50,medium_21_100,37443.0,inf
S368[N=50],CMA-ES,0.001,30,2,0.06666666666666667,37443.0,2443.0,50,medium_21_100,37443.0,1.0
S368[N=50],Differential Evolution,0.001,30,0,0.0,inf,,50,medium_21_100,37443.0,inf
S368[N=50],Latin Hypercube Sampling,0.001,30,0,0.0,inf,,50,medium_21_100,37443.0,inf
S368[N=50],Multi-start L-BFGS-B,0.001,30,1,0.03333333333333333,74694.0,2194.0,50,medium_21_100,37443.0,1.9948722057527442
S368[N=50],Random Search,0.001,30,0,0.0,inf,,50,medium_21_100,37443.0,inf
SANTALS,BIPOP-CMA-ES,0.001,30,0,0.0,inf,,21,medium_21_100,31282.0,inf
SANTALS,BasinGraph,0.001,30,1,0.03333333333333333,31282.0,832.0,21,medium_21_100,31282.0,1.0
SANTALS,CMA-ES,0.001,30,0,0.0,inf,,21,medium_21_100,31282.0,inf
SANTALS,Differential Evolution,0.001,30,0,0.0,inf,,21,medium_21_100,31282.0,inf
SANTALS,Latin Hypercube Sampling,0.001,30,0,0.0,inf,,21,medium_21_100,31282.0,inf
SANTALS,Multi-start L-BFGS-B,0.001,30,0,0.0,inf,,21,medium_21_100,31282.0,inf
SANTALS,Random Search,0.001,30,0,0.0,inf,,21,medium_21_100,31282.0,inf
SINEALI[N=100],BIPOP-CMA-ES,0.001,30,0,0.0,inf,,100,medium_21_100,154.0,inf
SINEALI[N=100],BasinGraph,0.001,30,30,1.0,154.0,154.0,100,medium_21_100,154.0,1.0
SINEALI[N=100],CMA-ES,0.001,30,0,0.0,inf,,100,medium_21_100,154.0,inf
SINEALI[N=100],Differential Evolution,0.001,30,0,0.0,inf,,100,medium_21_100,154.0,inf
SINEALI[N=100],Latin Hypercube Sampling,0.001,30,0,0.0,inf,,100,medium_21_100,154.0,inf
SINEALI[N=100],Multi-start L-BFGS-B,0.001,30,0,0.0,inf,,100,medium_21_100,154.0,inf
SINEALI[N=100],Random Search,0.001,30,0,0.0,inf,,100,medium_21_100,154.0,inf
STRTCHDVB[N=100],BIPOP-CMA-ES,0.001,30,0,0.0,inf,,100,medium_21_100,1.0,inf
STRTCHDVB[N=100],BasinGraph,0.001,30,30,1.0,1.0,1.0,100,medium_21_100,1.0,1.0
STRTCHDVB[N=100],CMA-ES,0.001,30,0,0.0,inf,,100,medium_21_100,1.0,inf
STRTCHDVB[N=100],Differential Evolution,0.001,30,0,0.0,inf,,100,medium_21_100,1.0,inf
STRTCHDVB[N=100],Latin Hypercube Sampling,0.001,30,0,0.0,inf,,100,medium_21_100,1.0,inf
STRTCHDVB[N=100],Multi-start L-BFGS-B,0.001,30,30,1.0,1.0,1.0,100,medium_21_100,1.0,1.0
STRTCHDVB[N=100],Random Search,0.001,30,30,1.0,1.0,1.0,100,medium_21_100,1.0,1.0
TRIGON1B[N=100],BIPOP-CMA-ES,0.001,30,0,0.0,inf,,100,medium_21_100,2.0,inf
TRIGON1B[N=100],BasinGraph,0.001,30,30,1.0,2.0,2.0,100,medium_21_100,2.0,1.0
TRIGON1B[N=100],CMA-ES,0.001,30,0,0.0,inf,,100,medium_21_100,2.0,inf
TRIGON1B[N=100],Differential Evolution,0.001,30,0,0.0,inf,,100,medium_21_100,2.0,inf
TRIGON1B[N=100],Latin Hypercube Sampling,0.001,30,0,0.0,inf,,100,medium_21_100,2.0,inf
TRIGON1B[N=100],Multi-start L-BFGS-B,0.001,30,30,1.0,102.0,102.0,100,medium_21_100,2.0,51.0
TRIGON1B[N=100],Random Search,0.001,30,0,0.0,inf,,100,medium_21_100,2.0,inf
TRIGON2B[N=100],BIPOP-CMA-ES,0.001,30,0,0.0,inf,,100,medium_21_100,1466.0,inf
TRIGON2B[N=100],BasinGraph,0.001,30,30,1.0,1466.0,1466.0,100,medium_21_100,1466.0,1.0
TRIGON2B[N=100],CMA-ES,0.001,30,0,0.0,inf,,100,medium_21_100,1466.0,inf
TRIGON2B[N=100],Differential Evolution,0.001,30,0,0.0,inf,,100,medium_21_100,1466.0,inf
TRIGON2B[N=100],Latin Hypercube Sampling,0.001,30,0,0.0,inf,,100,medium_21_100,1466.0,inf
TRIGON2B[N=100],Multi-start L-BFGS-B,0.001,30,0,0.0,inf,,100,medium_21_100,1466.0,inf
TRIGON2B[N=100],Random Search,0.001,30,0,0.0,inf,,100,medium_21_100,1466.0,inf
WAYSEA1B,BIPOP-CMA-ES,0.001,30,30,1.0,5.6,4.5,2,small_2_20,1.0,5.6
WAYSEA1B,BasinGraph,0.001,30,30,1.0,1.0,1.0,2,small_2_20,1.0,1.0
WAYSEA1B,CMA-ES,0.001,30,30,1.0,2.7333333333333334,2.0,2,small_2_20,1.0,2.7333333333333334
WAYSEA1B,Differential Evolution,0.001,30,30,1.0,5.333333333333333,3.5,2,small_2_20,1.0,5.333333333333333
WAYSEA1B,Latin Hypercube Sampling,0.001,30,30,1.0,6.066666666666666,4.0,2,small_2_20,1.0,6.066666666666666
WAYSEA1B,Multi-start L-BFGS-B,0.001,30,30,1.0,1.0,1.0,2,small_2_20,1.0,1.0
WAYSEA1B,Random Search,0.001,30,30,1.0,1.0,1.0,2,small_2_20,1.0,1.0
WAYSEA2B,BIPOP-CMA-ES,0.001,30,30,1.0,140.43333333333334,140.0,2,small_2_20,25.0,5.617333333333334
WAYSEA2B,BasinGraph,0.001,30,30,1.0,60.0,60.0,2,small_2_20,25.0,2.4
WAYSEA2B,CMA-ES,0.001,30,30,1.0,111.73333333333333,108.0,2,small_2_20,25.0,4.469333333333333
WAYSEA2B,Differential Evolution,0.001,30,30,1.0,317.03333333333336,327.5,2,small_2_20,25.0,12.681333333333335
WAYSEA2B,Latin Hypercube Sampling,0.001,30,0,0.0,inf,,2,small_2_20,25.0,inf
WAYSEA2B,Multi-start L-BFGS-B,0.001,30,30,1.0,25.0,25.0,2,small_2_20,25.0,1.0
WAYSEA2B,Random Search,0.001,30,0,0.0,inf,,2,small_2_20,25.0,inf
